Company,Website
Trend Egypt for Systems,https://www.trend-egypt.com/
INSTANT SOFTWARE SOLUTION,https://www.atw.ltd/
ATW Ltd,https://eraasoft.com/
EraaSoft,http://www.symbyo.com/
Symbyo Technologies,http://khabeergroup.com/
KHABEER Software Industries,https://www.microtech-eg.com/
Microtech Software Solutions,http://www.orchtech.com/
OrchTech - Orchestrating Technology,https://www.namasoft.com/
Namasoft,http://www.itecorp.net/
Information Technology of Egypt Corporation - ITECORP,http://360imaging.com/
Testing Geeks,https://semicolon-ltd.com/
360 Imaging,https://inovola.co.uk/
"SemiColon, Ltd.",https://www.ultimate-erp.com/
Nebras Technology نبراس للتكنولوجيا,https://codestien.com/
Inovola,https://fekra-egy.com/
الحلول النهائية لتقنية المعلومات‎,http://www.e-scapes.me/
Elephants Tech,https://refilex.com/
Codestien,http://www.omegapos.com/
Fekra Egypt Company,http://www.e-scapes.me/
e-scapes IT Solutions,http://glitchfix.net/
تكنوباور لاستيراد الطابعات والاحبار,https://kwentra.com/?utm_source=GMB&utm_medium=organic
Refilex,https://smartcs.org/
Omega Software Egypt,https://www.silverkeytech.com/
e-scapes IT Solutions,http://www.skolera.com/
جليتش فيكس للبرمجيات والتسويق الالكتروني,http://www.approcks.com/
(كوينترا) Kwentra,http://www.g2k-group.com/
SmartCS,https://www.imediastores.com/
Silverkey Technologies,https://intcore.com/
Skolera Software Development,http://thewebme.com/
Approcks Software House,http://www.cloud-11.com/
CÆLUM Egypt LLC. - A company of G2K group,http://perfectech-wd.com/
iMedia Store for electronics,http://cloudit.com.eg/
Intcore - Web & Mobile App Development Company,https://www.cloudhub-it.com/
شركة تصميم مواقع TheWebMe.com,https://www.webstdy.com/ar
Cloud 11,http://curveaisolutions.com/
G2K Group GmbH - Egypt,https://www.atentec.com/
K-Sys,http://itshareacademy.com/
شركه بيرفكت تيك لتصميم المواقع,http://www.edoctorgroup.com/
Cloud IT,http://www.growknowledge.net/
Cloud Hub,http://www.hulultech.com/
WebSTDY - ويب ستدي,http://www.sparktechit.com/
Curve AI Solutions,https://www.uniparticle.com/
Power Soft,https://aisevenp.com/
AtenTEC Business Development,http://www.thetranshome.com/
ITShare Dokki,http://www.power-soft.co/
eDoctor Software,http://www.centra.com.eg/
Grow Knowledge,http://www.bee-technology.com/
eT3 - Main Office,https://www.weconst.com/
Hulul Tech - EGYPT,http://www.it-blocks.com/
9,https://www.geniprocess.com/
iGrow,https://www.appgain.io/
شركة تصميم ويب للبرمجيات وتصميم المواقع,https://nas-eg.net/
NewVisioN Business Software Design House,https://iwandevelopments.com/
Horizon ERP Solutions,http://www.macintosh-eg.com/
SparkTech IT,https://emojiit.com/
Uniparticle,http://tatweer-it.com/
7P Marketing and Software Company,http://smycrosoft.com/
"Translation in Cairo, Giza, Dokki - Transhome Translation Services",http://www.egyme.com/
POWER SOFT,https://www.imsolutionz.com/
Nubis Apps,http://www.oratech-soft.com/
Centra Technologies,http://engaztechnology.net/
شركه بي انفورماتك تكنولوجي BIT,http://www.info-blink.com/
weconst company_ ويكونست للبرمجيات وبرامج الحسابات,http://www.sparktd.com/
web star egypt software,https://code-ship.com/
NBUSINESS Software,http://www.motoon.org/
IT-Blocks Egypt,http://www.finhive.net/
Geni Process International,https://www.compactsoftint.com/
Worcbox,http://kickstartinteractive.net/
Appgain Inc. Egypt Branch,http://www.out-sourcy.com/
Neptune Advanced Solutions,http://www.switchpluseg.com/
Binary Solutions Egypt,http://www.ultrasoftegypt.com/
IWAN Developments - Dokki Sales Center,
ensoulify Systems,
Sahl for Software Production and Marketing - شركة سهل للبرمجيات والتسويق,
nevdia,
Macintosh,
Emoji Information Technology,
Tatweer Information Technology,
Smycrosoft,
DAT technology,
Octopus e,
EgyMe,
IM Solutions (Web Design Company),
LTD.Company,
شركة أوراتك لتكنولوجيا البرمجيات ORATECH ERP And Software Technology Co.,
Engaz Technology,
InfoBlink Cloud Systems,
EKSSA Group,
SparkTD,
"Code Ship | Website, and Application Development",
متون,
Finhive,
CompactSoft International,
Kick Start Interactive,
Mobilzweb Development Company,
Go Partners,
Outsourcy,
Switch Plus - Dokki (Apple Authorised Reseller),
Perfect Project Company,
Ultra Soft,
